 CAT,  YEAR, MO, DAY, ORIG_TIME,  LAT,  LON, DEP, MAG, IEFM, DTS, DIST
 PDE,   1982,   01, 11, 130511.95,   6.42,  -72.60, 185  
 PDE,   1982,   01, 15, 035919.67,   9.41,  -69.96,  21, 4.90, mb, GS,   .. .       
 PDE,   1982,   01, 25, 175729.13,   6.72,  -72.99, 174,  
 PDE,   1982,   02, 11, 084045.37,   6.77,  -72.98, 169, 4.80, mb, GS,   .. .       
 PDE,   1982,   02, 12, 172945.66,   6.80,  -73.04, 167, 4.60, mb, GS,   .. .       
 PDE,   1982,   02, 16, 083208.30,   6.76,  -73.02, 169, 4.60, mb, GS,   .. .       
 PDE,   1982,   02, 22, 020613.64,   6.67,  -72.82, 181, 4.40, mb, GS,   .. .       
 PDE,   1982,   02, 23, 200729.48,   6.79,  -73.03, 159, 4.90, mb, GS,   .F .       
 PDE,   1982,   03, 09, 122152.23,   6.77,  -72.97, 168, 4.70, mb, GS,   .F .       
 PDE,   1982,   03, 09, 150423.62,   6.76,  -73.03, 168, 4.60, mb, GS,   .F .       
 PDE,   1982,   03, 18, 021150.21,  10.52,  -62.44,  64, 4.70, mb, GS,   .. .       
 PDE,   1982,   04, 05, 011240.17,   6.74,  -72.98, 172, 4.10, mb, GS,   .. .       
 PDE,   1982,   04, 19, 195913.27,   6.87,  -73.15, 163,     ,   ,   ,   .. .       
 PDE,   1982,   04, 21, 105718.34,   6.81,  -73.02, 167, 4.30, mb, GS,   .. .       
 PDE,   1982,   04, 29, 013521.11,   6.72,  -73.00, 172, 4.30, mb, GS,   .. .       
 PDE,   1982,   05, 01, 145905.66,   6.75,  -73.04, 162, 4.50, mb, GS,   .F .       
 PDE,   1982,   05, 10, 012556.80,  10.66,  -62.53,  97, 5.30, mb, GS,   .F .       
 PDE,   1982,   05, 15, 034804.10,   6.84,  -73.12, 164, 4.60, mb, GS,   .. .       
 PDE,   1982,   05, 24, 085554.96,  11.41,  -60.97,  33, 4.40, mb, GS,   .. .       
 PDE,   1982,   05, 24, 232020.60,   6.68,  -73.06, 179, 4.70, mb, GS,   .F .       
 PDE,   1982,   05, 25, 065955.28,   8.45,  -70.57,  65, 4.40, mb, GS,   .. .       
 PDE,   1982,   05, 27, 112606.51,   8.76,  -70.93,  13, 4.80, mb, GS,   .F .       
 PDE,   1982,   06, 01, 191029.32,   6.75,  -73.04, 163, 4.80, mb, GS,   .F .       
 PDE,   1982,   06, 17, 234134.64,  10.34,  -69.81,  33,     ,   ,   ,   .F .       
 PDE,   1982,   06, 24, 233359.14,   9.83,  -73.88,  33, 4.70, mb, GS,   .F .       
 PDE,   1982,   06, 28, 175321.27,   6.93,  -73.25, 152, 4.30, mb, GS,   .. .       
 PDE,   1982,   07, 04, 061608.40,   7.65,  -72.20,  53, 5.50, mb, GS,   .F M       
 PDE,   1982,   07, 09, 144704.15,   6.77,  -73.07, 166, 4.40, mb, GS,   .. .       
 PDE,   1982,   07, 16, 004855.11,   6.68,  -72.87, 179, 4.70, mb, GS,   .. .       
 PDE,   1982,   07, 17, 222414.21,   6.79,  -73.04, 163, 4.90, mb, GS,   .F .       
 PDE,   1982,   07, 20, 190626.59,   6.88,  -73.15, 157,     ,   ,   ,   .. .       
 PDE,   1982,   08, 08, 122421.74,   6.54,  -72.64, 144,     ,   ,   ,   .. .       
 PDE,   1982,   08, 10, 082359.85,  10.68,  -62.61, 103, 4.80, mb, GS,   2F .       
 PDE,   1982,   08, 15, 072627.77,   6.75,  -73.00, 166, 4.90, mb, GS,   .F .       
 PDE,   1982,   08, 26, 074732.75,   6.76,  -72.99, 172, 4.50, mb, GS,   .. .       
 PDE,   1982,   08, 28, 004529.13,   6.75,  -72.98, 167, 4.30, mb, GS,   .. .       
 PDE,   1982,   08, 28, 055855.71,   7.42,  -71.92,  60, 4.60, mb, GS,   .. .       
 PDE,   1982,   09, 16, 001849.48,  10.56,  -62.79, 101, 4.40, mb, GS,   .. .       
 PDE,   1982,   09, 20, 162644.29,  11.22,  -60.85,   6, 5.20, mb, GS,   6F .       
 PDE,   1982,   09, 22, 153524.80,   6.80,  -73.07, 170, 4.30, mb, GS,   .. .       
 PDE,   1982,   09, 25, 011831.83,   6.82,  -73.16, 170, 4.50, mb, GS,   .. .       
 PDE,   1982,   09, 27, 133634.97,  11.06,  -62.09, 126,     ,   ,   ,   .D .       
 PDE,   1982,   10, 10, 143647.11,  11.69,  -70.50,  33,     ,   ,   ,   .. .       
 PDE,   1982,   10, 21, 012329.55,  11.80,  -59.14,  33, 4.60, mb, GS,   .. .       
 PDE,   1982,   10, 21, 160221.12,   6.80,  -73.03, 165, 4.80, mb, GS,   .F .       
 PDE,   1982,   10, 24, 132417.84,   6.87,  -73.11, 159, 4.20, mb, GS,   .. .       
 PDE,   1982,   11, 05, 182615.30,   6.69,  -72.87, 181, 4.40, mb, GS,   .. .       
 PDE,   1982,   11, 14, 203520.77,   6.93,  -73.15, 119,     ,   ,   ,   .. .       
 PDE,   1982,   11, 16, 005013.38,   7.20,  -72.38,  49, 4.90, mb, GS,   .. .       
 PDE,   1982,   11, 23, 172702.03,  10.59,  -63.26,  36, 4.80, mb, GS,   .. .       
 PDE,   1982,   11, 27, 121256.25,   9.88,  -62.59,  33, 4.30, mb, GS,   .. .       
 PDE,   1982,   12, 01, 172846.86,   7.43,  -72.51,  78, 4.80, mb, GS,   .. .       
 PDE,   1982,   12, 11, 101837.04,   8.64,  -71.70,  14, 5.20, mb, GS,   .. .       
 PDE,   1982,   12, 22, 061618.85,  12.80,  -70.82,  33, 4.80, mb, GS,   .. .       
 PDE,   1982,   12, 23, 224703.35,   6.72,  -73.02, 172, 4.80, mb, GS,   .. .       
 PDE,   1983,   01, 02, 172111.62,   6.78,  -72.95, 170, 4.40, mb, GS,   .. .       
 PDE,   1983,   01, 04, 230529.16,   6.77,  -73.00, 174, 4.50, mb, GS,   .. .       
 PDE,   1983,   01, 06, 082301.70,   6.74,  -73.04, 167, 5.20, mb, GS,   .F .       
 PDE,   1983,   01, 09, 184343.11,   9.89,  -69.79,  10,     ,   ,   ,   .F .       
 PDE,   1983,   01, 10, 170227.22,   6.76,  -72.97, 168, 4.90, mb, GS,   .F .       
 PDE,   1983,   01, 13, 120044.65,  11.79,  -73.64,  28, 5.10, mb, GS,   .F .       
 PDE,   1983,   01, 13, 120915.37,  12.04,  -73.45,  28, 4.70, mb, GS,   .F .       
 PDE,   1983,   01, 14, 095939.02,  12.04,  -73.34,  33, 4.40, mb, GS,   .. .       
 PDE,   1983,   01, 15, 073931.91,   6.74,  -72.97, 177,     ,   ,   ,   .. .       
 PDE,   1983,   01, 16, 091113.28,   6.77,  -73.05, 170, 4.20, mb, GS,   .. .       
 PDE,   1983,   01, 21, 111037.60,  10.08,  -72.47, 177, 3.80, mb, GS,   .. .       
 PDE,   1983,   02, 09, 004734.47,  12.37,  -73.26,  33, 4.60, mb, GS,   .. .       
 PDE,   1983,   02, 17, 025057.21,  10.39,  -62.59,  33,     ,   ,   ,   .. .       
 PDE,   1983,   03, 07, 231410.99,   6.83,  -73.02, 161, 4.90, mb, GS,   .. .       
 PDE,   1983,   03, 08, 072210.94,   6.88,  -73.04, 159, 4.30, mb, GS,   .. .       
 PDE,   1983,   03, 08, 170636.52,  11.01,  -62.36,  82, 5.90, mb, GS,   6CFM       
 PDE,   1983,   03, 09, 193011.44,   6.84,  -73.04, 167, 4.70, mb, GS,   .. .       
 PDE,   1983,   03, 15, 142510.05,   6.86,  -73.07, 162, 4.00, mb, GS,   .. .       
 PDE,   1983,   03, 17, 050929.22,   6.89,  -73.09, 161, 4.30, mb, GS,   .. .       
 PDE,   1983,   03, 19, 030026.34,  10.61,  -63.19,  29, 4.80, mb, GS,   .. .       
 PDE,   1983,   03, 26, 092010.61,  11.17,  -62.12,  97, 4.90, mb, GS,   4F .       
 PDE,   1983,   03, 29, 080829.79,   7.55,  -72.61,  33,     ,   ,   ,   .. .       
 PDE,   1983,   03, 31, 074959.72,   6.81,  -73.01, 162, 4.50, mb, GS,   .. .       
 PDE,   1983,   04, 08, 021928.43,   6.66,  -73.07, 189, 4.20, mb, GS,   .. .       
 PDE,   1983,   04, 11, 080606.09,  10.43,  -62.76,  38, 4.80, mb, GS,   .. .       
 PDE,   1983,   04, 11, 081539.86,   9.77,  -62.36,  33, 4.40, mb, GS,   .. .       
 PDE,   1983,   04, 11, 081810.12,  10.42,  -62.76,  40, 6.10, MS,BRK,   5FFM       
 PDE,   1983,   04, 11, 084255.94,  10.35,  -62.77,  33, 4.20, mb, GS,   .. .       
 PDE,   1983,   04, 11, 095406.01,  10.86,  -63.13,  33,     ,   ,   ,   .. .       
 PDE,   1983,   04, 12, 055602.46,  10.32,  -62.69,  33, 4.20, mb, GS,   .. .       
 PDE,   1983,   04, 20, 140611.09,   6.88,  -72.86, 150, 4.80, mb, GS,   .. .       
 PDE,   1983,   04, 30, 041649.62,   6.73,  -72.94, 169, 4.60, mb, GS,   .. .       
 PDE,   1983,   05, 02, 215552.56,  10.38,  -62.67,  33, 4.50, mb, GS,   .. .       
 PDE,   1983,   05, 10, 173908.76,  10.98,  -62.18, 126,     ,   ,   ,   3F .       
 PDE,   1983,   05, 19, 232214.51,   6.75,  -72.96, 163, 5.10, mb, GS,   .F .       
 PDE,   1983,   05, 28, 160154.82,   6.64,  -72.87, 178, 5.00, mb, GS,   .. .       
 PDE,   1983,   05, 28, 194818.24,   6.86,  -73.03, 165, 4.70, mb, GS,   .. .       
 PDE,   1983,   06, 07, 231416.02,   6.43,  -73.32, 139, 4.60, mb, GS,   .. .       
 PDE,   1983,   06, 09, 203830.14,   6.76,  -72.94, 178, 4.70, mb, GS,   .F .       
 PDE,   1983,   06, 13, 061434.91,   6.80,  -72.95, 177, 4.80, mb, GS,   .. .       
 PDE,   1983,   06, 15, 073725.06,   6.86,  -73.04, 166, 4.40, mb, GS,   .. .       
 PDE,   1983,   06, 15, 083318.45,   8.11,  -71.87,  46, 4.80, mb, GS,   .. .       
 PDE,   1983,   06, 15, 083324.57,   8.12,  -71.94,  43, 5.10, mb, GS,   .F .       
 PDE,   1983,   07, 23, 212944.38,   6.88,  -73.07, 158, 4.70, mb, GS,   .. .       
 PDE,   1983,   07, 24, 153945.29,   6.82,  -73.06, 163, 4.90, mb, GS,   .. .       
 PDE,   1983,   08, 14, 050552.29,   9.00,  -73.99,  99, 5.00, mb, GS,   .. .       
 PDE,   1983,   08, 21, 000046.87,   6.92,  -73.13, 150,     ,   ,   ,   .. .       
 PDE,   1983,   08, 23, 192118.56,   6.95,  -73.20, 144,     ,   ,   ,   .. .       
 PDE,   1983,   08, 29, 082424.36,   6.79,  -73.00, 164, 5.00, mb, GS,   .F M       
 PDE,   1983,   08, 31, 041605.50,   6.24,  -71.66,  33,     ,   ,   ,   .. .       
 PDE,   1983,   09, 14, 141156.81,  10.00,  -64.69,  33, 3.40, mb, GS,   .. .       
 PDE,   1983,   10, 07, 165032.44,   6.72,  -73.00, 169, 4.10, mb, GS,   .. .       
 PDE,   1983,   10, 19, 114044.32,   6.71,  -72.94, 147,     ,   ,   ,   .. .       
 PDE,   1983,   10, 24, 005824.80,   7.08,  -73.38, 147, 4.40, mb, GS,   .. .       
 PDE,   1983,   10, 24, 041331.09,   6.76,  -73.04, 165, 4.60, mb, GS,   .. .       
 PDE,   1983,   11, 06, 193830.22,   7.47,  -73.18, 142, 4.70, mb, GS,   .. .       
 PDE,   1983,   11, 11, 145709.42,   7.19,  -73.58, 172,     ,   ,   ,   .. .       
 PDE,   1983,   11, 18, 004454.36,   6.93,  -73.14, 153, 4.40, mb, GS,   .. .       
 PDE,   1983,   11, 18, 083201.17,   6.90,  -73.13, 158, 4.80, mb, GS,   .. .       
 PDE,   1983,   12, 07, 163933.31,   6.82,  -72.98, 167,     ,   ,   ,   .. .       
 PDE,   1983,   12, 13, 121821.99,   6.84,  -73.14, 168, 4.50, mb, GS,   .. .       
 PDE,   1983,   12, 20, 165345.57,  12.18,  -69.81,  14, 4.80, mb, GS,   .F .       
 PDE,   1983,   12, 31, 121805.04,   6.85,  -73.04, 164, 4.70, mb, GS,   .. .       
 PDE,   1984,   01, 06, 113749.10,   6.76,  -73.01, 159, 5.00, mb, GS,   .F .       
 PDE,   1984,   01, 07, 022303.53,  10.85,  -65.62,  33,     ,   ,   ,   .. .       
 PDE,   1984,   01, 15, 201408.31,  10.97,  -60.65,  49, 4.70, mb, GS,   .. .       
 PDE,   1984,   01, 16, 182632.26,   7.10,  -73.35, 138, 4.40, mb, GS,   .. .       
 PDE,   1984,   01, 23, 213649.83,  10.69,  -62.79, 112, 4.90, mb, GS,   3F .       
 PDE,   1984,   01, 30, 192735.17,  12.99,  -61.46,  33,     ,   ,   ,   .. .       
 PDE,   1984,   02, 07, 025730.69,   6.92,  -73.15, 170,     ,   ,   ,   .. .       
 PDE,   1984,   02, 11, 135745.03,  12.09,  -60.03,  62, 5.30, mb, GS,   4F M       
 PDE,   1984,   02, 26, 071929.71,   6.82,  -73.01, 161, 4.90, mb, GS,   .. .       
 PDE,   1984,   03, 02, 025821.43,   6.81,  -73.00, 172, 4.80, mb, GS,   .F .       
 PDE,   1984,   03, 02, 233751.13,   7.01,  -73.33, 149,     ,   ,   ,   .. .       
 PDE,   1984,   03, 08, 164617.58,  11.12,  -60.92,  33,     ,   ,   ,   .. .       
 PDE,   1984,   03, 09, 174827.09,  11.05,  -61.68,  81, 4.20, mb, GS,   4F .       
 PDE,   1984,   03, 13, 025821.97,  10.60,  -62.30,  33,     ,   ,   ,   .. .       
 PDE,   1984,   03, 19, 085124.34,  10.28,  -62.92,  33,     ,   ,   ,   .. .       
 PDE,   1984,   03, 21, 112052.79,   6.72,  -72.99, 172, 4.80, mb, GS,   .F .       
 PDE,   1984,   04, 01, 113000.25,   6.74,  -72.99, 170, 4.40, mb, GS,   .. .       
 PDE,   1984,   04, 11, 003923.08,   6.80,  -72.96, 172, 4.10, mb, GS,   .. .       
 PDE,   1984,   04, 14, 205559.85,   6.75,  -73.07, 168, 4.90, mb, GS,   .F .       
 PDE,   1984,   04, 20, 091819.51,  11.91,  -73.56,  41, 4.90, mb, GS,   .F .       
 PDE,   1984,   04, 22, 004313.33,   6.74,  -72.98, 175, 4.40, mb, GS,   .. .       
 PDE,   1984,   04, 22, 143354   ,   6.94,  -73.18, 166, 4.70, mb, GS,   .. .       
 PDE,   1984,   04, 24, 140945.70,   6.69,  -71.70,  43, 5.10, mb, GS,   .F .       
 PDE,   1984,   04, 24, 145640.17,   6.55,  -71.53,  62,     ,   ,   ,   .. .       
 PDE,   1984,   04, 29, 222218.93,   9.44,  -70.14,  33,     ,   ,   ,   .F .       
 PDE,   1984,   04, 30, 125942.82,   9.60,  -70.16,  33,     ,   ,   ,   .. .       
 PDE,   1984,   05, 04, 115352.09,   9.79,  -70.10,  33,     ,   ,   ,   .F .       
 PDE,   1984,   05, 11, 041556.50,  11.97,  -61.14,  81,     ,   ,   ,   .. .       
 PDE,   1984,   05, 21, 033037.53,   6.63,  -72.80, 182, 4.50, mb, GS,   .. .       
 PDE,   1984,   05, 23, 002119.41,   6.89,  -73.12, 164, 4.20, mb, GS,   .. .       
 PDE,   1984,   05, 25, 005924.03,  10.43,  -62.53,  42, 4.80, mb, GS,   .F .       
 PDE,   1984,   05, 28, 052417.79,   7.01,  -73.35, 142,     ,   ,   ,   .. .       
 PDE,   1984,   05, 29, 043405.78,   6.89,  -73.19, 168, 4.70, mb, GS,   .. .       
 PDE,   1984,   06, 12, 230855.34,   7.94,  -71.28,  35, 4.80, mb, GS,   .F .       
 PDE,   1984,   06, 14, 100426.42,  10.00,  -69.70,  12, 5.30, mb, GS,   .F M       
 PDE,   1984,   06, 14, 105812.90,   9.78,  -69.86,  10,     ,   ,   ,   .F .       
 PDE,   1984,   06, 20, 013524.63,   6.90,  -71.96,  48,     ,   ,   ,   .. .       
 PDE,   1984,   06, 21, 091300.73,   9.67,  -69.91,  33,     ,   ,   ,   .F .       
 PDE,   1984,   06, 22, 031319.97,   6.92,  -73.23, 161,     ,   ,   ,   .. .       
 PDE,   1984,   07, 24, 091708.51,   7.13,  -71.90, 120, 4.20, mb, GS,   .. .       
 PDE,   1984,   08, 10, 002744.01,   6.83,  -72.60, 186,     ,   ,   ,   .. .       
 PDE,   1984,   08, 11, 131420.59,   6.77,  -73.01, 170, 4.70, mb, GS,   .F .       
 PDE,   1984,   08, 20, 232930.10,  10.38,  -62.41,  18, 5.10, mb, GS,   3F .       
 PDE,   1984,   08, 20, 235510.99,  10.42,  -62.38,  10, 5.20, mb, GS,   3F M       
 PDE,   1984,   09, 01, 064230.58,   6.57,  -72.76, 185,     ,   ,   ,   .. .       
 PDE,   1984,   09, 03, 165929.58,   6.75,  -73.01, 168, 4.70, mb, GS,   .F .       
 PDE,   1984,   09, 07, 184751.21,   7.28,  -73.65, 136,     ,   ,   ,   .. .       
 PDE,   1984,   09, 20, 093623.87,   6.89,  -73.14, 157, 4.80, mb, GS,   .. .       
 PDE,   1984,   10, 02, 203024.73,   6.84,  -73.02, 169, 4.50, mb, GS,   .F .       
 PDE,   1984,   10, 05, 103050.29,  11.69,  -60.17,  58, 5.60, mb, GS,   .F M       
 PDE,   1984,   10, 16, 121102.41,   6.88,  -73.12, 159, 4.60, mb, GS,   .F .       
 PDE,   1984,   11, 02, 065330.07,   8.24,  -71.24,  10, 4.60, mb, GS,   .F .       
 PDE,   1984,   11, 04, 131419.80,   6.78,  -73.04, 163, 5.10, mb, GS,   .F M       
 PDE,   1984,   11, 13, 083344.63,  10.98,  -69.40,  33, 4.20, mb, GS,   .. .       
 PDE,   1984,   11, 14, 062249.22,  10.02,  -68.88, 158,     ,   ,   ,   .. .       
 PDE,   1984,   11, 14, 140329.20,  10.92,  -62.25, 121,     ,   ,   ,   .. .       
 PDE,   1984,   11, 18, 230003.76,   8.79,  -73.15, 154, 4.80, mb, GS,   .F .       
 PDE,   1984,   12, 06, 005656.99,   6.93,  -73.15, 155, 4.30, mb, GS,   .. .       
 PDE,   1984,   12, 09, 144529.19,   6.84,  -73.03, 159, 4.80, mb, GS,   .F .       
 PDE,   1984,   12, 30, 051307.32,   6.78,  -73.07, 160, 4.80, mb, GS,   .F .       
 PDE,   1985,   01, 18, 060248.29,   7.01,  -73.28, 150,     ,   ,   ,   .. .       
 PDE,   1985,   01, 20, 130301.30,  10.55,  -62.44, 104, 4.50, mb, GS,   .. .       
 PDE,   1985,   01, 24, 223142.58,  10.71,  -62.21,  26, 4.90, mb, GS,   3F .       
 PDE,   1985,   01, 27, 060606.56,   6.86,  -73.06, 159, 4.60, mb, GS,   .. .       
 PDE,   1985,   02, 03, 061215.49,   6.75,  -72.90, 171, 4.80, mb, GS,   .. .       
 PDE,   1985,   02, 03, 221655.55,   7.29,  -72.04,  33,     ,   ,   ,   .. .       
 PDE,   1985,   02, 06, 023210.46,   6.64,  -72.86, 171,     ,   ,   ,   .. .       
 PDE,   1985,   02, 06, 065012.64,   6.64,  -72.98, 172, 4.30, mb, GS,   .. .       
 PDE,   1985,   02, 06, 210128.61,   6.70,  -72.99, 168, 4.80, mb, GS,   .. .       
 PDE,   1985,   02, 13, 025433.18,  10.74,  -62.34,  97, 4.00, mb, GS,   3F .       
 PDE,   1985,   02, 14, 004745.25,   6.79,  -72.97, 165, 5.00, mb, GS,   .F .       
 PDE,   1985,   02, 14, 092853.57,   6.76,  -73.03, 163, 5.30, mb, GS,   .F .       
 PDE,   1985,   02, 15, 075022.82,   6.47,  -72.99, 170, 4.40, mb, GS,   .. .       
 PDE,   1985,   02, 23, 065011.16,   7.17,  -71.37,  33, 5.10, mb, GS,   .. .       
 PDE,   1985,   02, 25, 050340.26,   6.76,  -72.99, 166, 4.60, mb, GS,   .. .       
 PDE,   1985,   03, 01, 000121.33,   6.82,  -73.05, 136,     ,   ,   ,   .. .       
 PDE,   1985,   03, 01, 113824.98,   6.75,  -73.00, 165, 4.70, mb, GS,   .F .       
 PDE,   1985,   03, 12, 131947.70,   8.72,  -72.58,  33,     ,   ,   ,   .. .       
 PDE,   1985,   03, 26, 042815.43,  10.70,  -62.51, 168, 4.10, mb, GS,   .. .       
 PDE,   1985,   03, 29, 041254.50,   6.67,  -72.89, 168, 4.80, mb, GS,   .. .       
 PDE,   1985,   04, 04, 110358.26,   9.59,  -62.72,  33,     ,   ,   ,   .. .       
 PDE,   1985,   04, 05, 153019.79,  10.07,  -62.84,  33,     ,   ,   ,   .. .       
 PDE,   1985,   04, 10, 031515.64,   6.63,  -72.82, 184,     ,   ,   ,   .. .       
 PDE,   1985,   04, 10, 162134.23,   6.87,  -72.88, 187, 4.10, mb, GS,   .. .       
 PDE,   1985,   04, 15, 001548.81,  11.34,  -72.87,  33,     ,   ,   ,   .. .       
 PDE,   1985,   04, 16, 075958.82,   9.38,  -73.68,  33, 4.70, mb, GS,   .. .       
 PDE,   1985,   04, 20, 013758.90,   7.49,  -73.21, 149, 4.40, mb, GS,   .. .       
 PDE,   1985,   04, 30, 043325.66,  11.17,  -62.34, 129, 4.50, mb, GS,   3F .       
 PDE,   1985,   05, 03, 070554.92,   9.52,  -69.45,  25, 4.90, mb, GS,   .F .       
 PDE,   1985,   05, 07, 091701   ,   6.63,  -72.84, 185, 4.20, mb, GS,   .. .       
 PDE,   1985,   05, 11, 054454.55,   9.55,  -62.46,  33, 4.20, mb, GS,   .. .       
 PDE,   1985,   05, 11, 205313.10,   6.78,  -73.00, 170, 4.20, mb, GS,   .. .       
 PDE,   1985,   05, 13, 205912.06,   6.79,  -73.05, 131, 3.40, mb, GS,   .. .       
 PDE,   1985,   06, 06, 061157.63,   6.85,  -73.11, 161,     ,   ,   ,   .. .       
 PDE,   1985,   06, 09, 131411.05,   6.82,  -73.16, 175, 3.90, mb, GS,   .. .       
 PDE,   1985,   06, 14, 071113.41,   6.76,  -73.03, 163, 4.80, mb, GS,   .F .       
 PDE,   1985,   06, 26, 234453.31,   6.85,  -72.98, 154, 5.20, mb, GS,   .F M       
 PDE,   1985,   07, 03, 185915.56,  11.44,  -71.90,  33,     ,   ,   ,   .. .       
 PDE,   1985,   07, 10, 204827.73,   6.87,  -73.16, 161, 4.80, mb, GS,   .. .       
 PDE,   1985,   07, 15, 074743.44,   7.03,  -73.47,  33,     ,   ,   ,   .. .       
 PDE,   1985,   08, 11, 090912.02,   6.92,  -73.08, 152, 4.20, mb, GS,   .. .       
 PDE,   1985,   08, 12, 192955.16,   6.73,  -73.08, 153, 4.80, mb, GS,   .. .       
 PDE,   1985,   08, 13, 170323.64,   6.89,  -72.04,  52, 4.80, mb, GS,   .. .       
 PDE,   1985,   09, 19, 230515.27,   6.81,  -72.97, 171,     ,   ,   ,   .F .       
 PDE,   1985,   09, 21, 030934.16,  11.18,  -61.61,  33,     ,   ,   ,   2F .       
 PDE,   1985,   09, 23, 022136.49,   9.73,  -73.44,  33,     ,   ,   ,   .. .       
 PDE,   1985,   09, 27, 235357.20,   6.83,  -72.78, 183, 4.40, mb, GS,   .. .       
 PDE,   1985,   10, 07, 004545.39,  11.58,  -73.04,  64, 3.80, mb, GS,   .. .       
 PDE,   1985,   10, 14, 154603.19,   6.73,  -72.93, 170,     ,   ,   ,   .. .       
 PDE,   1985,   10, 22, 004830.18,   6.79,  -73.07, 159, 4.70, mb, GS,   .. .       
 PDE,   1985,   10, 30, 214711.09,  10.78,  -62.08,  97, 3.90, mb, GS,   .. .       
 PDE,   1985,   11, 26, 000954.91,   6.87,  -73.14, 162,     ,   ,   ,   .. .       
 PDE,   1985,   11, 28, 001359.66,  11.76,  -61.39,  72, 5.30, mb, GS,   .F M       
 PDE,   1985,   12, 03, 160135.41,   6.83,  -73.12, 139,     ,   ,   ,   .. .       
 PDE,   1985,   12, 03, 175223.95,   6.77,  -72.94, 163, 5.10, mb, GS,   .F M       
 PDE,   1985,   12, 04, 072950.87,   6.87,  -73.05, 163,     ,   ,   ,   .. .       
 PDE,   1985,   12, 06, 084736.61,   7.35,  -73.82,  33,     ,   ,   ,   .. .       
 PDE,   1985,   12, 13, 001613.71,  10.31,  -73.43, 111, 4.20, mb, GS,   .. .       
 PDE,   1985,   12, 28, 193454.50,   6.94,  -73.14, 156,     ,   ,   ,   .. .       
 PDE,   1986,   01, 01, 214859.40,  12.66,  -61.04, 100,     ,   ,   ,   .. .       
 PDE,   1986,   01, 04, 031438.35,  11.33,  -63.70,  23, 4.30, mb, GS,   .F .       
 PDE,   1986,   01, 20, 034143.61,   6.96,  -73.06, 159,     ,   ,   ,   .. .       
 PDE,   1986,   01, 27, 204424.86,   6.96,  -73.15, 156, 4.40, mb, GS,   .. .       
 PDE,   1986,   02, 26, 114114.03,   9.65,  -61.40,  54, 4.60, Ms, GS,   .. .       
 PDE,   1986,   02, 28, 011256.65,   9.62,  -61.40,  45, 4.50, mb, GS,   .F .       
 PDE,   1986,   02, 28, 183442.82,   7.01,  -73.28, 145,     ,   ,   ,   .. .       
 PDE,   1986,   03, 25, 071033.19,  10.34,  -62.56,  10, 4.70, mb, GS,   .F .       
 PDE,   1986,   03, 31, 011923.91,   6.81,  -73.05, 159, 5.00, mb, GS,   .F .       
 PDE,   1986,   04, 07, 123552.75,  10.03,  -61.90,  33, 4.30, mb, GS,   5F .       
 PDE,   1986,   04, 11, 092541.44,   6.96,  -73.19, 153,     ,   ,   ,   .. .       
 PDE,   1986,   04, 11, 125906.90,  12.29,  -59.43,  53, 5.00, mb, GS,   .. .       
 PDE,   1986,   04, 14, 050520.58,  10.44,  -60.76,  55,     ,   ,   ,   .. .       
 PDE,   1986,   04, 15, 225705.50,  10.96,  -61.78,  47, 3.70, UK,TRN,   2F .       
 PDE,   1986,   04, 20, 070955.62,   6.36,  -72.33,  33,     ,   ,   ,   .. .       
 PDE,   1986,   04, 22, 003659.87,   7.16,  -73.46, 139,     ,   ,   ,   .. .       
 PDE,   1986,   05, 07, 163715.90,  10.30,  -62.34,  21, 4.50, mb, GS,   3F .       
 PDE,   1986,   05, 12, 215956.19,   6.90,  -73.09, 153, 5.00, mb, GS,   .. .       
 PDE,   1986,   05, 16, 001537.35,   6.65,  -72.89, 176, 4.50, mb, GS,   .. .       
 PDE,   1986,   05, 17, 223415.02,   6.84,  -73.14, 164, 4.80, mb, GS,   .. .       
 PDE,   1986,   05, 30, 142608.21,  10.53,  -62.57, 121, 4.30, mb, GS,   .. .       
 PDE,   1986,   06, 07, 163746.97,   6.84,  -72.99, 165, 4.80, mb, GS,   .F .       
 PDE,   1986,   06, 11, 134801.39,  10.60,  -62.93,  18, 6.20, Ms, GS,   7CFM       
 PDE,   1986,   06, 11, 193732.02,  10.37,  -62.98,  20, 4.60, mb, GS,   .. .       
 PDE,   1986,   06, 12, 132347.82,  10.36,  -62.95,  20, 4.50, mb, GS,   .. .       
 PDE,   1986,   06, 13, 081415.62,   8.86,  -73.42, 145,     ,   ,   ,   .. .       
 PDE,   1986,   06, 24, 064020.46,  10.14,  -72.71, 155, 4.00, mb, GS,   .. .       
 PDE,   1986,   06, 25, 061801.66,   6.78,  -72.98, 167, 4.40, mb, GS,   .. .       
 PDE,   1986,   06, 26, 231432.96,   6.88,  -73.10, 159, 4.80, mb, GS,   .. .       
 PDE,   1986,   06, 29, 201150.45,   6.77,  -73.01, 159, 5.30, mb, GS,   .F M       
 PDE,   1986,   06, 30, 200958.90,  10.06,  -72.00,  33,     ,   ,   ,   .F .       
 PDE,   1986,   07, 05, 163652.40,   9.88,  -72.92,  33, 4.60, mb, GS,   .. .       
 PDE,   1986,   07, 07, 210908.93,  10.61,  -62.98,  35, 4.30, mb, GS,   .. .       
 PDE,   1986,   07, 11, 080028.69,  10.57,  -63.26,  33, 4.80, mb, GS,   .F .       
 PDE,   1986,   07, 14, 031831.24,  10.64,  -63.22,  33, 4.60, ML,FDF,   .F .       
 PDE,   1986,   07, 14, 032043.54,  10.76,  -63.23,  33, 4.80, ML,FDF,   .. .       
 PDE,   1986,   07, 18, 172238.24,  10.77,  -69.43,   7, 5.90, mb, GS,   .C M       
 PDE,   1986,   07, 19, 002131.77,  10.92,  -69.39,  10, 4.90, mb, GS,   .. .       
 PDE,   1986,   08, 18, 182049.78,   6.81,  -72.97, 160, 4.60, mb, GS,   .. .       
 PDE,   1986,   08, 18, 205553.56,  10.35,  -67.01,  10, 4.80, mb, GS,   .F .       
 PDE,   1986,   08, 21, 012322.06,   7.93,  -72.92,  10, 4.60, mb, GS,   .. .       
 PDE,   1986,   08, 25, 172504.17,  10.19,  -67.07,  10, 4.90, mb, GS,   .F .       
 PDE,   1986,   08, 26, 032009.31,  10.67,  -62.90,  10, 4.10, mb, GS,   .F .       
 PDE,   1986,   08, 26, 033622.35,  10.12,  -67.04,  10,     ,   ,   ,   .. .       
 PDE,   1986,   09, 07, 000837.59,   6.77,  -73.00, 167, 4.20, mb, GS,   .. .       
 PDE,   1986,   09, 08, 060329.99,   6.84,  -73.13, 160, 4.60, mb, GS,   .. .       
 PDE,   1986,   09, 12, 003450.42,  10.86,  -69.39,  20, 4.60, mb, GS,   .. .       
 PDE,   1986,   09, 20, 055423.64,   8.49,  -73.50,  48, 4.40, mb, GS,   .. .       
 PDE,   1986,   09, 30, 171625.88,   6.84,  -73.17, 160, 4.60, mb, GS,   .. .       
 PDE,   1986,   10, 01, 103843.78,   6.85,  -73.18, 156, 4.80, mb, GS,   .. .       
 PDE,   1986,   10, 01, 223236.54,   8.30,  -61.72,  33,     ,   ,   ,   .F .       
 PDE,   1986,   10, 02, 060109.85,  11.02,  -61.36,  84, 4.40, UK,FDF,   3F .       
 PDE,   1986,   10, 07, 064209.70,   6.83,  -73.05, 157, 5.00, mb, GS,   .F .       
 PDE,   1986,   10, 13, 232319.05,   6.49,  -72.49,  90,     ,   ,   ,   .. .       
 PDE,   1986,   10, 17, 164511.80,   6.82,  -73.01, 159, 5.10, mb, GS,   .F .       
 PDE,   1986,   10, 21, 155752.31,  10.35,  -62.64,  37, 5.00, mb, GS,   .F .       
 PDE,   1986,   10, 24, 124223.16,   6.99,  -73.29, 158, 5.10, mb, GS,   .. .       
 PDE,   1986,   10, 25, 162722.58,  10.73,  -63.41,  30,     ,   ,   ,   .. .       
 PDE,   1986,   10, 31, 020639.56,   6.99,  -71.51,  33, 5.30, mb, GS,   .. .       
 PDE,   1986,   10, 31, 070552.77,   6.76,  -73.02, 166, 5.20, mb, GS,   .F M       
 PDE,   1986,   11, 02, 234910.51,   7.01,  -73.08, 158,     ,   ,   ,   .. .       
 PDE,   1986,   11, 04, 034618.42,   8.67,  -73.01,  10, 4.40, mb, GS,   .. .       
 PDE,   1986,   11, 07, 090734.68,  10.34,  -61.90,  10, 4.50, UK,FDF,   .F .       
 PDE,   1986,   11, 09, 181051.65,   6.81,  -73.00, 163, 4.30, mb, GS,   .. .       
 PDE,   1986,   11, 14, 172624.06,  10.75,  -63.28,  10, 5.00, mb, GS,   .F .       
 PDE,   1986,   11, 17, 123623.50,  10.43,  -62.99,  10,     ,   ,   ,   .. .       
 PDE,   1986,   11, 18, 195139.59,   6.74,  -72.99, 165, 4.80, mb, GS,   .F .       
 PDE,   1986,   11, 26, 144755.71,  12.97,  -59.88,  26, 4.30, ML,FDF,   .. .       
 PDE,   1986,   12, 01, 092103.11,   6.90,  -73.26, 165, 5.10, mb, GS,   .. .       
 PDE,   1986,   12, 14, 013546.63,   6.72,  -73.31, 146, 4.00, mb, GS,   .. .       
 PDE,   1986,   12, 16, 162147.22,  10.87,  -61.98, 131, 4.10, mb, GS,   3F .       
 PDE,   1986,   12, 27, 234615.74,   6.69,  -72.94, 179, 4.50, mb, GS,   .. .       
 PDE,   1986,   12, 30, 184242.42,   6.78,  -73.41, 186,     ,   ,   ,   .. .       
 PDE,   1987,   01, 20, 035902.59,   6.92,  -72.14,  42, 4.80, mb, GS,   .F .       
 PDE,   1987,   02, 07, 223157.66,  10.34,  -62.70,  10, 5.00, mb, GS,   .F .       
 PDE,   1987,   02, 08, 002332.28,   9.35,  -61.82,  10,     ,   ,   ,   .. .       
 PDE,   1987,   02, 26, 053902.98,   6.80,  -73.03, 159, 4.20, mb, GS,   .. .       
 PDE,   1987,   03, 01, 124200.14,   6.86,  -72.93, 179,     ,   ,   ,   .. .       
 PDE,   1987,   03, 06, 082916.10,  10.92,  -61.80,  33, 3.70, MD,TRN,   4F .       
 PDE,   1987,   03, 06, 135811.78,   6.74,  -73.04, 171, 4.90, mb, GS,   .. .       
 PDE,   1987,   03, 07, 002339.17,   6.79,  -72.96, 167, 4.80, mb, GS,   .. .       
 PDE,   1987,   03, 07, 013722.74,   6.78,  -73.01, 167, 4.90, mb, GS,   .. .       
 PDE,   1987,   03, 20, 143320.74,   6.81,  -72.98, 165, 4.30, mb, GS,   .. .       
 PDE,   1987,   03, 22, 071732.03,   6.78,  -73.03, 163, 4.50, mb, GS,   .. .       
 PDE,   1987,   03, 23, 190641.16,  10.08,  -72.75,  33,     ,   ,   ,   .. .       
 PDE,   1987,   03, 28, 094613.17,   6.34,  -73.01, 162,     ,   ,   ,   .. .       
 PDE,   1987,   03, 29, 222734.69,   6.37,  -72.98, 163, 4.10, mb, GS,   .. .       
 PDE,   1987,   04, 03, 060947.91,   6.90,  -73.08, 160,     ,   ,   ,   .. .       
 PDE,   1987,   04, 09, 141308.63,   6.85,  -72.96, 173, 4.70, mb, GS,   .. .       
 PDE,   1987,   04, 11, 181736.14,   6.63,  -73.01, 185, 4.80, mb, GS,   .. .       
 PDE,   1987,   04, 12, 103056.07,   7.84,  -73.17, 152, 4.50, mb, GS,   .. .       
 PDE,   1987,   04, 16, 013837.85,   6.86,  -73.02, 162,     ,   ,   ,   .. .       
 PDE,   1987,   04, 18, 231521.21,  10.94,  -62.40,  98, 4.80, mb, GS,   .F .       
 PDE,   1987,   04, 22, 173423.39,  11.50,  -69.60,  10, 3.70, Ms, GS,   .F .       
 PDE,   1987,   05, 06, 042904.08,  10.77,  -62.52,  33,     ,   ,   ,   .. .       
 PDE,   1987,   05, 09, 091810.68,  10.48,  -73.34,  33, 4.70, mb, GS,   .. .       
 PDE,   1987,   05, 10, 174350.59,   6.82,  -73.05, 160, 4.80, mb, GS,   .. .       
 PDE,   1987,   05, 13, 230759.89,  11.32,  -61.56,  10, 4.00, ML,TRN,   2F .       
 PDE,   1987,   05, 26, 051016.25,   6.99,  -73.19, 155,     ,   ,   ,   .. .       
 PDE,   1987,   06, 01, 034032.73,  11.98,  -62.03, 142, 5.00, mb, GS,   4F M       
 PDE,   1987,   06, 02, 132313.61,   7.57,  -72.10,  33, 3.90, mb, GS,   .. .       
 PDE,   1987,   06, 17, 220750.68,   6.79,  -73.04, 153,     ,   ,   ,   .. .       
 PDE,   1987,   07, 02, 055331.96,   8.44,  -61.69,  33,     ,   ,   ,   .. .       
 PDE,   1987,   07, 04, 171652.19,  10.90,  -62.16,  77, 4.70, mb, GS,   .F .       
 PDE,   1987,   07, 14, 101616.52,   9.69,  -69.67,  10,     ,   ,   ,   .F .       
 PDE,   1987,   07, 19, 125432.58,   6.99,  -73.19, 158, 4.10, mb, GS,   .. .       
 PDE,   1987,   07, 25, 220938.94,   6.86,  -72.99, 155, 4.80, mb, GS,   .. .       
 PDE,   1987,   07, 27, 032015.65,  10.29,  -62.38,  10, 4.60, mb, GS,   .. .       
 PDE,   1987,   08, 07, 155032.63,   6.86,  -73.04, 165, 4.50, mb, GS,   .. .       
 PDE,   1987,   08, 30, 140204.63,   6.84,  -72.99, 169, 4.60, mb, GS,   .. .       
 PDE,   1987,   09, 01, 150825.14,  11.68,  -73.63,  77,     ,   ,   ,   .F .       
 PDE,   1987,   09, 03, 100508.46,  11.17,  -61.95,  83,     ,   ,   ,   3F .       
 PDE,   1987,   09, 09, 114303.50,   6.82,  -73.03, 169, 4.60, mb, GS,   .. .       
 PDE,   1987,   09, 10, 103232.04,   6.86,  -73.18, 155, 4.90, mb, GS,   .F .       
 PDE,   1987,   09, 14, 180922   ,   6.90,  -73.19, 158, 4.50, mb, GS,   .. .       
 PDE,   1987,   09, 15, 201557.96,   6.39,  -72.40,  33,     ,   ,   ,   .. .       
 PDE,   1987,   09, 17, 225311.69,  10.79,  -61.13,  10, 4.10, MD,TRN,   4F .       
 PDE,   1987,   09, 17, 234630.58,  10.81,  -61.14,  10, 4.10, MD,TRN,   4F .       
 PDE,   1987,   09, 23, 145926.86,   6.97,  -73.17, 154, 4.40, mb, GS,   .. .       
 PDE,   1987,   09, 27, 052452.63,   6.83,  -73.06, 158,     ,   ,   ,   .. .       
 PDE,   1987,   09, 27, 233308.09,  10.19,  -61.90,  33,     ,   ,   ,   .. .       
 PDE,   1987,   10, 23, 101309.12,   6.80,  -72.98, 165, 4.70, mb, GS,   .. .       
 PDE,   1987,   11, 01, 210330.80,   6.82,  -73.00, 161, 4.40, mb, GS,   .. .       
 PDE,   1987,   11, 02, 090915.14,   6.85,  -73.10, 159, 4.60, mb, GS,   .. .       
 PDE,   1987,   11, 02, 182601.23,   6.93,  -73.24, 149,     ,   ,   ,   .. .       
 PDE,   1987,   11, 05, 052811.36,  10.95,  -62.48, 103, 4.80, mb, GS,   .. .       
 PDE,   1987,   11, 14, 150821.66,   6.81,  -73.11, 159, 4.80, mb, GS,   .. .       
 PDE,   1987,   11, 18, 022345.92,   6.74,  -72.93, 164, 4.20, mb, GS,   .. .       
 PDE,   1987,   11, 18, 235441.39,   6.97,  -73.27, 151, 4.30, mb, GS,   .. .       
 PDE,   1987,   11, 22, 153347.79,   6.97,  -73.30, 153,     ,   ,   ,   .. .       
 PDE,   1987,   11, 29, 120438.01,   6.85,  -72.96, 174, 4.70, mb, GS,   .. .       
 PDE,   1987,   12, 30, 083121.60,   6.83,  -73.04, 166,     ,   ,   ,   .. .       
 PDE,   1988,   01, 11, 011946.62,   6.78,  -73.86,  33,     ,   ,   ,   .. .       
 PDE,   1988,   01, 18, 043202.52,   6.76,  -73.04, 162,     ,   ,   ,   .. .       
 PDE,   1988,   01, 18, 073517.08,   6.86,  -73.01, 156, 4.80, mb, GS,   .. .       
 PDE,   1988,   01, 19, 220831.78,  10.80,  -61.60,  63, 4.60, mb, GS,   5F .       
 PDE,   1988,   01, 26, 052848.89,   6.85,  -73.08, 165, 4.30, mb, GS,   .. .       
 PDE,   1988,   01, 26, 125207.58,   6.87,  -73.74,  33,     ,   ,   ,   .. .       
 PDE,   1988,   01, 27, 081635.31,   6.90,  -73.15, 166,     ,   ,   ,   .. .       
 PDE,   1988,   01, 31, 071551.14,  10.76,  -62.41,  97, 4.50, mb, GS,   4F .       
 PDE,   1988,   02, 02, 234616.77,   6.86,  -73.02, 152, 5.20, mb, GS,   .. .       
 PDE,   1988,   02, 10, 230558.57,   6.88,  -73.04, 147, 4.90, mb, GS,   .. .       
 PDE,   1988,   02, 21, 212606.09,   7.98,  -71.81,  33, 4.60, mb, GS,   .. .       
 PDE,   1988,   02, 25, 104748.66,   8.08,  -71.89,  30, 4.60, mb, GS,   .. .       
 PDE,   1988,   02, 27, 045027.11,   6.82,  -73.02, 157, 4.90, mb, GS,   .. .       
 PDE,   1988,   03, 09, 172949.94,   6.84,  -73.04, 157, 4.70, mb, GS,   .. .       
 PDE,   1988,   03, 10, 061723.31,  10.40,  -60.59,  56, 6.60, MS,BRK,   6DFM       
 PDE,   1988,   03, 10, 063025.47,  10.40,  -60.58,  53, 5.40, mb, GS,   .. .       
 PDE,   1988,   03, 10, 063324.34,  10.39,  -60.50,  47, 5.10, mb, GS,   .. .       
 PDE,   1988,   03, 10, 065048.33,  10.23,  -60.10,  33, 3.90, UK,TRN,   .. .       
 PDE,   1988,   03, 10, 065401.43,  10.47,  -60.22,  33, 3.50, UK,TRN,   .. .       
 PDE,   1988,   03, 10, 071233.49,  10.79,  -60.95,  33, 3.50, UK,TRN,   .. .       
 PDE,   1988,   03, 10, 071725.89,   9.34,  -59.11,  33, 3.70, UK,TRN,   .. .       
 PDE,   1988,   03, 10, 072205.11,  10.16,  -60.16,  33, 4.60, mb, GS,   .. .       
 PDE,   1988,   03, 10, 072628.41,  10.49,  -60.60,  33,     ,   ,   ,   .. .       
 PDE,   1988,   03, 10, 074722.06,  10.17,  -60.32,  33, 4.50, mb, GS,   .. .       
 PDE,   1988,   03, 10, 080910.69,  10.56,  -60.44,  33, 2.90, UKTRN,   .. .       
 PDE,   1988,   03, 10, 091012.74,  10.70,  -60.79,  33, 4.30, UKTRN,   .. .       
 PDE,   1988,   03, 10, 102842.71,  10.09,  -59.89,  33, 4.70, UKTRN,   .. .       
 PDE,   1988,   03, 10, 112004   ,  10.47,  -60.61,  33, 2.90, UKTRN,   .. .       
 PDE,   1988,   03, 10, 121235.68,  10.18,  -60.08,  33, 4.50, mb GS,   .. .       
 PDE,   1988,   03, 10, 130627.87,  10.04,  -59.75,  33, 4.40, UKTRN,   .. .       
 PDE,   1988,   03, 10, 145720   ,  10.57,  -60.75,  33,     ,      ,   .. .       
 PDE,   1988,   03, 10, 170401.21,  10.51,  -60.56,  33, 3.60, UKTRN,   .. .       
 PDE,   1988,   03, 10, 171920.81,  10.10,  -60.06,  33, 3.80, UKTRN,   .. .       
 PDE,   1988,   03, 10, 190602.53,  10.28,  -60.10,  33, 4.00, UKTRN,   .. .       
 PDE,   1988,   03, 10, 231436.19,  10.24,  -60.12,  33, 4.40, mb, GS,   .. .       
 PDE,   1988,   03, 10, 233815.38,  10.42,  -60.07,  33, 4.60, mb, GS,   .. .       
 PDE,   1988,   03, 11, 005806.78,  10.55,  -60.56,  59, 4.90, mb, GS,   .F .       
 PDE,   1988,   03, 11, 013054.83,  10.50,  -60.94,  76, 4.50, mb, GS,   .. .       
 PDE,   1988,   03, 11, 061432.49,  10.53,  -60.47,  54, 4.90, mb, GS,   5F .       
 PDE,   1988,   03, 11, 064847.23,  10.44,  -60.57,  33, 3.90, UKTRN,   .. .       
 PDE,   1988,   03, 11, 103231.22,   9.93,  -59.81,  33, 4.40, MLFDF,   .. .       
 PDE,   1988,   03, 11, 105039.75,  10.52,  -60.73,  33, 4.10, UKTRN,   .. .       
 PDE,   1988,   03, 11, 160107.01,  10.17,  -60.60,  53, 5.20, mb, GS,   .F M       
 PDE,   1988,   03, 12, 043210.30,  10.14,  -60.57,  51, 5.70, mb, GS,   5F M       
 PDE,   1988,   03, 12, 052449.09,  10.42,  -60.42,  33, 4.40, MLFDF,   .. .       
 PDE,   1988,   03, 12, 053026.58,  10.47,  -61.02,  33, 3.40, UKTRN,   .. .       
 PDE,   1988,   03, 12, 091242.25,   9.93,  -59.78,  33, 4.10, UKTRN,   .. .       
 PDE,   1988,   03, 12, 213721.77,  10.04,  -60.03,  20, 4.40, mb, GS,   .. .       
 PDE,   1988,   03, 12, 230008.04,  10.23,  -60.22,  40, 4.70, mb, GS,   .. .       
 PDE,   1988,   03, 13, 170025.70,  10.21,  -60.17,  31, 5.10, MLFDF,   .. .       
 PDE,   1988,   03, 14, 030205.12,  10.57,  -60.97,  33, 3.40, UKTRN,   .. .       
 PDE,   1988,   03, 14, 115332.74,  10.10,  -60.09,  33, 4.40, MLFDF,   .. .       
 PDE,   1988,   03, 14, 144919.57,  10.39,  -60.36,  33, 4.50, MLFDF,   .. .       
 PDE,   1988,   03, 14, 211358.12,  10.48,  -60.61,  55, 3.30, UKTRN,   .. .       
 PDE,   1988,   03, 14, 225035   ,  10.53,  -60.67,  33, 3.00, UKTRN,   .. .       
 PDE,   1988,   03, 14, 232912.45,  10.65,  -60.76,  33, 2.90, UKTRN,   .. .       
 PDE,   1988,   03, 15, 082220.84,  10.49,  -60.63,  33, 3.20, UKTRN,   .. .       
 PDE,   1988,   03, 15, 123539.54,  10.42,  -60.71,  33, 4.20, UKTRN,   .. .       
 PDE,   1988,   03, 16, 054803.81,  10.21,  -60.61,  56, 5.70, mb, GS,   .F M       
 PDE,   1988,   03, 16, 142425.56,  10.45,  -60.45,  56, 4.90, mb, GS,   .. .       
 PDE,   1988,   03, 16, 164634.65,  10.67,  -60.82,  33, 3.10, UKTRN,   .. .       
 PDE,   1988,   03, 17, 111704.50,  10.47,  -60.56,  62, 4.60, mb, GS,   .. .       
 PDE,   1988,   03, 17, 115324.53,  10.76,  -60.91,  33, 3.40, UKTRN,   .. .       
 PDE,   1988,   03, 17, 123123.46,  10.21,  -60.26,  33, 4.00, UKTRN,   .. .       
 PDE,   1988,   03, 17, 195848.59,  10.97,  -61.89,  33, 3.50, UKTRN,   .. .       
 PDE,   1988,   03, 18, 012054.28,  10.04,  -60.17,  33, 4.50, mb, GS,   .. .       
 PDE,   1988,   03, 18, 032252.44,   9.83,  -59.65,  33, 4.10, UKTRN,   .. .       
 PDE,   1988,   03, 18, 100929.03,  10.80,  -60.89,  33, 3.60, UKTRN,   .. .       
 PDE,   1988,   03, 19, 201337.67,  10.72,  -60.79,  33, 3.60, UKTRN,   .. .       
 PDE,   1988,   03, 20, 005426.61,  10.86,  -61.08,  33, 4.50, MLFDF,   .. .       
 PDE,   1988,   03, 23, 072026.11,  10.48,  -61.83,  10, 4.20, UKTRN,   2F .       
 PDE,   1988,   03, 24, 050212.24,  10.64,  -60.77,  33, 3.40, UKTRN,   .. .       
 PDE,   1988,   03, 24, 144451.93,  10.45,  -60.55,  69, 4.40, UKFDF,   .. .       
 PDE,   1988,   03, 25, 033807.35,  10.68,  -60.90,  33, 2.80, UKTRN,   .. .       
 PDE,   1988,   03, 25, 145222.31,  10.86,  -62.29,  33,     ,      ,   .. .       
 PDE,   1988,   03, 25, 162047.16,  10.18,  -60.60,  56, 5.20, mb, GS,   5F M       
 PDE,   1988,   03, 26, 231654.01,  11.47,  -61.98,  29, 3.60, UKTRN,   .. .       
 PDE,   1988,   03, 27, 185730.75,   6.89,  -72.94, 157, 4.60, mb, GS,   .. .       
 PDE,   1988,   03, 28, 000752.26,  10.75,  -60.96,  33,     ,      ,   .. .       
 PDE,   1988,   03, 29, 014258.34,  10.92,  -62.11,  33,     ,      ,   .. .       
 PDE,   1988,   03, 29, 133754.48,  10.47,  -65.01,  17, 5.10, mb, GS,   .F M       
 PDE,   1988,   03, 29, 134636.72,  10.48,  -64.93,  19, 4.80, mb, GS,   .F .       
 PDE,   1988,   03, 30, 040747.77,  10.76,  -61.02,  33,     ,   ,   ,   .. .       
 PDE,   1988,   03, 30, 100351.25,  10.63,  -60.91,  33,     ,   ,   ,   .. .       
 PDE,   1988,   03, 30, 101039.61,  10.54,  -60.58,  33,     ,   ,   ,   .. .       
 PDE,   1988,   03, 30, 231954.93,  10.65,  -62.59,  79, 4.10, mb, GS,   .. .       
 PDE,   1988,   03, 31, 000202.48,  10.24,  -60.76,  33,     ,   ,   ,   .. .       
 PDE,   1988,   03, 31, 081639.21,  10.50,  -61.01,  33,     ,   ,   ,   .. .       
 PDE,   1988,   04, 01, 125933.63,  10.34,  -60.80,  63, 4.50, mb, GS,   .. .       
 PDE,   1988,   04, 01, 183101.55,   6.99,  -73.22, 190, 4.10, mb, GS,   .. .       
 PDE,   1988,   04, 12, 194142.77,  10.69,  -62.86,  97, 5.50, mb, GS,   .F M       
 PDE,   1988,   04, 15, 021959.33,   8.43,  -73.24, 155, 4.40, mb, GS,   .F .       
 PDE,   1988,   04, 16, 070735.30,  11.41,  -62.07, 141, 4.50, mb, GS,   .. .       
 PDE,   1988,   04, 22, 101618.38,  10.05,  -60.11,  50, 4.40, UKFDF,   .. .       
 PDE,   1988,   04, 28, 221543.10,  10.31,  -60.48,  55, 4.60, mb GS,   4F .       
 PDE,   1988,   04, 30, 213739.65,  10.49,  -61.96,  58, 4.20, mb GS,   5F .       
 PDE,   1988,   05, 04, 083335.77,   6.95,  -72.95, 156,     ,      ,   .. .       
 PDE,   1988,   05, 07, 031522.33,  11.55,  -61.29,  42, 4.80, MLFDF,   .. .       
 PDE,   1988,   05, 08, 031542.93,  10.10,  -60.25,  33, 4.50, MDTRN,   3F .       
 PDE,   1988,   05, 26, 120040.27,   6.85,  -72.88, 160, 4.40, mb, GS,   .. .       
 PDE,   1988,   05, 29, 205633.45,  10.68,  -62.57,  93, 4.10, mb, GS,   .. .       
 PDE,   1988,   06, 01, 185629.53,   6.77,  -72.53, 154, 4.30, mb, GS,   .. .       
 PDE,   1988,   06, 02, 030329.73,   6.87,  -73.03, 156, 5.10, mb, GS,   .. .       
 PDE,   1988,   06, 04, 032955.16,  10.43,  -60.34,  58, 4.50, mb, GS,   .. .       
 PDE,   1988,   06, 06, 022913.68,  10.36,  -60.60,  60, 4.80, MDTRN,   .. .       
 PDE,   1988,   06, 20, 164528.44,  10.97,  -69.31,  27, 4.60, mb, GS,   .. .       
 PDE,   1988,   06, 24, 085753.33,  10.21,  -60.56,  38, 6.00, mb, GS,   5FF.       
 PDE,   1988,   06, 24, 102753.74,  10.30,  -61.72,  50, 4.30, MDTRN,   .F .       
 PDE,   1988,   06, 24, 103031.11,   6.87,  -73.03, 155, 4.30, mb, GS,   .. .       
 PDE,   1988,   06, 26, 070324.80,  10.31,  -60.58,  58, 5.00, mb, GS,   .. .       
 PDE,   1988,   06, 28, 131549.29,   6.80,  -73.18, 158,     ,   ,   ,   .. .       
 PDE,   1988,   06, 30, 054437.40,   7.30,  -72.05,  33, 4.50, mb, GS,   .. .       
 PDE,   1988,   06, 30, 091141.65,   6.88,  -73.14, 155, 4.50, mb, GS,   .. .       
 PDE,   1988,   07, 03, 021656.96,   6.88,  -73.12, 158, 4.30, mb, GS,   .. .       
 PDE,   1988,   07, 06, 194850.36,  11.07,  -62.58, 117, 5.10, mb, GS,   .F .       
 PDE,   1988,   07, 09, 213213.29,   6.83,  -73.25, 173, 4.00, mb, GS,   .. .       
 PDE,   1988,   07, 12, 095554.04,   9.85,  -71.38,  29, 5.50, mb, GS,   .D M       
 PDE,   1988,   07, 12, 175912.84,  10.16,  -62.49,   5, 5.20, mb, GS,   .F M       
 PDE,   1988,   07, 17, 212310.13,   6.81,  -73.09, 155, 4.90, mb, GS,   .F .       
 PDE,   1988,   07, 18, 071050.05,   6.84,  -72.97, 158, 4.40, mb, GS,   .. .       
 PDE,   1988,   08, 11, 013417.18,  10.86,  -62.45,  33, 4.40, MLFDF,   2F .       
 PDE,   1988,   08, 11, 014314.35,  10.89,  -62.13,  33,     ,   ,   ,   .. .       
 PDE,   1988,   08, 14, 120856.84,   6.89,  -73.16, 161, 4.60, mb, GS,   .. .       
 PDE,   1988,   08, 22, 113011.64,   9.94,  -71.10,  10,     ,   ,   ,   .F .       
 PDE,   1988,   08, 23, 103422.15,   6.86,  -73.04, 159, 3.80, mb, GS,   .. .       
 PDE,   1988,   08, 25, 005932.20,   7.41,  -73.24, 130,     ,   ,   ,   .. .       
 PDE,   1988,   08, 25, 162927.24,   7.13,  -72.09,  33, 4.10, mb, GS,   .. .       
 PDE,   1988,   08, 27, 033546   ,  10.83,  -62.18,  82,     ,   ,   ,   .. .       
 PDE,   1988,   09, 01, 080008.40,  11.25,  -62.01,  89,     ,   ,   ,   .. .       
 PDE,   1988,   09, 02, 061849.77,  10.37,  -62.67,  10, 4.10, mb, GS,   .. .       
 PDE,   1988,   09, 02, 083021.74,  10.06,  -60.36,  90,     ,   ,   ,   .. .       
 PDE,   1988,   09, 08, 180956.54,  10.20,  -60.36,  10,     ,   ,   ,   .. .       
 PDE,   1988,   09, 11, 111855.35,  11.97,  -61.10,  10, 4.10, MLFDF,   .. .       
 PDE,   1988,   09, 14, 014323.28,  10.66,  -60.84,  10,     ,   ,  ,   .. .       
 PDE,   1988,   09, 15, 071942.73,  10.60,  -60.83,  31,     ,   ,  ,   .. .       
 PDE,   1988,   09, 15, 171001.93,  11.58,  -61.30,  10,     ,   ,  ,   .. .       
 PDE,   1988,   09, 16, 151704.21,  10.55,  -62.01,  10,     ,   ,  ,   .. .       
 PDE,   1988,   09, 19, 042237.07,  10.95,  -61.24,  33,     ,   ,  ,   .. .       
 PDE,   1988,   09, 24, 220428.62,  11.97,  -60.27,  33, 4.20, MLFDF,   .. .       
 PDE,   1988,   09, 24, 220627.91,  11.98,  -60.38,  19, 4.30, MLFDF,   .. .       
 PDE,   1988,   09, 25, 002107.29,  11.94,  -60.20,  33, 4.20, MLFDF,   .. .       
 PDE,   1988,   09, 25, 093423.41,  10.65,  -60.77,  33,     ,      ,   .. .       
 PDE,   1988,   09, 26, 035401.08,  10.90,  -65.53,  19, 4.70, mb, GS,   .F .       
 PDE,   1988,   09, 28, 152946.76,  11.14,  -62.17,  33,     ,   ,   ,   .. .       
 PDE,   1988,   10, 03, 021600.01,  11.65,  -61.20,  92,     ,   ,   ,   .. .       
 PDE,   1988,   10, 05, 060706.93,  10.87,  -61.73,  33,     ,   ,   ,   .. .       
 PDE,   1988,   10, 06, 182347.59,   6.87,  -73.07, 157, 4.00, mb, GS,   .. .       
 PDE,   1988,   10, 10, 021345.36,  11.05,  -61.78,  33,     ,   ,   ,   .. .       
 PDE,   1988,   11, 02, 091926.43,  10.75,  -60.94,  10,     ,   ,   ,   .. .       
 PDE,   1988,   11, 02, 210250.13,  10.14,  -60.12,  33,     ,   ,   ,   .. .       
 PDE,   1988,   11, 03, 010940.20,   6.83,  -73.01, 153, 3.90, mb, GS,   .. .       
 PDE,   1988,   11, 03, 084905.92,  10.99,  -61.91,  33,     ,   ,   ,   .. .       
 PDE,   1988,   11, 04, 230358.63,  10.52,  -60.54,  33,     ,   ,   ,   .. .       
 PDE,   1988,   11, 06, 170301.53,   8.28,  -73.15, 181, 4.50, mb, GS,   .. .       
 PDE,   1988,   11, 07, 062443.14,  10.62,  -60.81,  33,     ,   ,   ,   .. .       
 PDE,   1988,   11, 08, 080418.97,  10.82,  -63.12,  10,     ,   ,   ,   .. .       
 PDE,   1988,   11, 09, 194936.09,  10.92,  -62.93, 172,     ,   ,   ,   .. .       
 PDE,   1988,   11, 10, 012207.18,  11.85,  -73.26,  33,     ,   ,   ,   3F .       
 PDE,   1988,   11, 22, 011849.63,  10.68,  -61.75,  33,     ,   ,   ,   .. .       
 PDE,   1988,   11, 22, 111657.36,  10.84,  -62.01,  83, 4.20, mb, GS,   3F .       
 PDE,   1988,   11, 24, 112833.48,  10.92,  -61.76,  33,     ,   ,   ,   .. .       
 PDE,   1988,   12, 02, 182517.91,  10.29,  -60.76,  33,     ,   ,   ,   .. .       
 PDE,   1988,   12, 04, 004100.97,   9.98,  -60.16,  30, 4.80, mb, GS,   .. .       
 PDE,   1988,   12, 04, 042846.91,  11.81,  -60.99,  31, 3.80, MLFDF,   .. .       
 PDE,   1988,   12, 15, 201650.06,  10.93,  -62.52,  94, 5.00, mb, GS,   .F .       
 PDE,   1988,   12, 21, 163756.88,   7.05,  -73.20, 175, 4.20, mb, GS,   .. .       
 PDE,   1988,   12, 21, 194304.75,  11.27,  -61.70,  10,     ,   ,   ,   .. .       
 PDE,   1988,   12, 23, 142035.61,   6.96,  -73.16, 152,     ,   ,   ,   .. .       
 PDE,   1988,   12, 24, 175759.11,   7.10,  -72.27,  51, 4.60, mb, GS,   .. .       
 PDE,   1988,   12, 25, 185214.20,   7.06,  -72.78, 107, 4.40, mb, GS,   .. .       
 PDE,   1988,   12, 27, 004427.80,  10.23,  -62.54,  10,     ,   ,   ,   .. .       
 PDE,   1988,   12, 28, 020937   ,   6.93,  -73.14, 159,     ,   ,   ,   .. .       
 PDE,   1989,   01, 02, 063424.02,  11.77,  -59.38,  10, 3.90, UKFDF,   .. .       
 PDE,   1989,   01, 05, 162055.47,  10.55,  -62.17,  10,     ,   ,   ,   .. .       
 PDE,   1989,   01, 07, 093933.43,   6.81,  -72.98, 166, 5.00, mb, GS,   .. .       
 PDE,   1989,   01, 17, 210955.43,  10.39,  -59.17,  10,     ,   ,   ,   .. .       
 PDE,   1989,   01, 19, 144333.61,  10.97,  -62.35, 123,     ,   ,   ,   .. .       
 PDE,   1989,   01, 25, 224733.85,  10.67,  -60.91,  33,     ,   ,   ,   .. .       
 PDE,   1989,   01, 29, 013718.55,   6.91,  -72.88, 135, 4.70, mb, GS,   .. .       
 PDE,   1989,   01, 29, 032701.96,  10.45,  -63.90,  54,     ,   ,   ,   .. .       
 PDE,   1989,   01, 30, 074544.54,   7.88,  -72.07,  39, 5.40, mb, GS,   .F .       
 PDE,   1989,   01, 30, 223446.45,  10.35,  -60.35,  10,     ,   ,   ,   .. .       
 PDE,   1989,   02, 01, 224820.19,  11.05,  -61.74,  33,     ,   ,   ,   .. .       
 PDE,   1989,   02, 03, 130512.54,  11.75,  -61.19,  77, 4.70, mb, GS,   .F .       
 PDE,   1989,   02, 04, 183213.08,   7.96,  -72.05,  46, 4.70, mb, GS,   .. .       
 PDE,   1989,   02, 05, 153512.34,  10.90,  -61.46,  33,     ,   ,   ,   .. .       
 PDE,   1989,   02, 06, 093442.33,  11.81,  -61.03,  30, 3.80, UKFDF,   .. .       
 PDE,   1989,   02, 07, 162103.52,  11.24,  -61.92,  33,     ,      ,   .. .       
 PDE,   1989,   02, 10, 175511.36,  10.82,  -62.85,  33, 4.20, UKFDF,   .. .       
 PDE,   1989,   02, 10, 233949.60,  10.43,  -62.06,  30, 4.30, UKFDF,   .. .       
 PDE,   1989,   02, 11, 005223.42,   6.84,  -73.00, 163, 4.40, mb, GS,   .. .       
 PDE,   1989,   02, 11, 124940.38,   7.93,  -72.21,  33, 4.40, mb, GS,   .. .       
 PDE,   1989,   02, 14, 103736.02,  10.58,  -61.92,  27,     ,   ,   ,   .. .       
 PDE,   1989,   02, 14, 222541.48,   7.03,  -72.89, 142, 4.60, mb, GS,   .. .       
 PDE,   1989,   02, 16, 050005.79,  10.69,  -60.89,  10,     ,   ,   ,   .. .       
 PDE,   1989,   02, 21, 143335.34,  11.92,  -61.53, 100, 4.40, mb, GS,   .. .       
 PDE,   1989,   02, 22, 092845.04,  11.10,  -61.87,  27,     ,   ,   ,   .. .       
 PDE,   1989,   02, 22, 151710.20,  10.95,  -61.88,  33,     ,   ,   ,   .. .       
 PDE,   1989,   02, 27, 234622.37,   6.90,  -72.80, 141, 4.90, mb, GS,   .. .       
 PDE,   1989,   02, 28, 053815.90,  12.58,  -60.56,  33,     ,   ,   ,   .. .       
 PDE,   1989,   03, 04, 041003.07,  10.62,  -62.44,  33,     ,   ,   ,   .. .       
 PDE,   1989,   03, 05, 190613.44,  11.57,  -61.59,  31,     ,   ,   ,   .. .       
 PDE,   1989,   03, 08, 192501.14,  10.66,  -62.63,  33,     ,   ,   ,   .. .       
 PDE,   1989,   03, 08, 212509.42,  11.01,  -61.82,  33,     ,   ,   ,   .. .       
 PDE,   1989,   03, 15, 074251.67,  10.59,  -61.12,  10, 3.60, MDTRN,   .. .       
 PDE,   1989,   03, 16, 031147.16,  10.40,  -62.17,  10, 4.20, MLFDF,   .. .       
 PDE,   1989,   03, 20, 013912.06,  10.39,  -62.18,  10, 4.60, MLFDF,   .. .       
 PDE,   1989,   03, 20, 182526.09,   9.72,  -62.10,  10,     ,      ,   .. .       
 PDE,   1989,   03, 24, 162342.10,  11.05,  -61.78,  33, 3.50, MDTRN,   .. .       
 PDE,   1989,   03, 25, 163142.92,   6.76,  -73.11, 161, 4.90, mb, GS,   .. .       
 PDE,   1989,   03, 28, 150808.49,  11.15,  -61.85,  33, 3.50, MDTRN,   .. .       
 PDE,   1989,   03, 29, 232228.60,  10.40,  -62.54,  10, 3.90, MDTRN,   .. .       
 PDE,   1989,   04, 02, 213030.75,   6.60,  -73.42, 188, 4.40, mb, GS,   .. .       
 PDE,   1989,   04, 03, 002622.30,  10.75,  -60.82,  10, 3.30, MDTRN,   .. .       
 PDE,   1989,   04, 03, 014550.73,  10.72,  -62.39,  92, 3.90, MDTRN,   2F .       
 PDE,   1989,   04, 07, 125441.61,   6.81,  -73.04, 150, 4.90, mb, GS,   .F .       
 PDE,   1989,   04, 10, 121040.90,  11.20,  -61.79,  10, 3.40, MDTRN,   .. .       
 PDE,   1989,   04, 11, 095554.70,  11.23,  -61.69,  10, 3.00, MDTRN,   .. .       
 PDE,   1989,   04, 11, 190120.23,  11.74,  -59.84,  10, 4.00, MLFDF,   .. .       
 PDE,   1989,   04, 13, 141431.77,  11.38,  -61.80,  10, 3.60, UKTRN,   .. .       
 PDE,   1989,   04, 14, 075645.12,   6.95,  -73.00, 150, 4.60, mb, GS,   .. .       
 PDE,   1989,   04, 15, 142641.25,   8.45,  -61.04,  23, 5.80, mb, GS,   .FFM       
 PDE,   1989,   04, 17, 125713.07,  11.46,  -61.48,  10, 3.30, MDTRN,   .. .       
 PDE,   1989,   04, 19, 235457.28,   7.18,  -73.81, 128,     ,   ,   ,   .. .       
 PDE,   1989,   04, 21, 013346.59,  11.14,  -62.13,  33, 3.60, MDTRN,   .. .       
 PDE,   1989,   04, 25, 080757.58,  10.67,  -62.77,  10,     ,   ,  ,   .. .       
 PDE,   1989,   04, 29, 235226.75,  10.94,  -62.12,  33, 3.70, MDTRN,   .. .       
 PDE,   1989,   04, 30, 002944.99,  11.30,  -68.07,  10, 4.90, mb, GS,   .. .       
 PDE,   1989,   04, 30, 082254.01,  10.96,  -68.32,  20, 6.40, MSBRK,   .D M       
 PDE,   1989,   04, 30, 093006.49,  11.76,  -68.42,  10, 4.60, mb, GS,   .. .       
 PDE,   1989,   04, 30, 170303.24,   9.40,  -61.35,  33, 3.80, MDTRN,   .. .       
 PDE,   1989,   04, 30, 212452.68,  11.24,  -68.05,  10, 4.60, mb, GS,   .. .       
 PDE,   1989,   05, 03, 192753.05,  11.24,  -60.90,  32, 3.50, MDTRN,   .. .       
 PDE,   1989,   05, 04, 002206.74,  11.04,  -68.27,  15, 5.40, mb, GS,   .D M       
 PDE,   1989,   05, 04, 054114.34,  11.79,  -61.10,  30, 3.50, MDTRN,   .. .       
 PDE,   1989,   05, 05, 024731.41,  10.43,  -60.62,  56, 3.60, MDTRN,   .. .       
 PDE,   1989,   05, 09, 214207.02,  11.55,  -61.99,  30, 3.30, MDTRN,   .. .       
 PDE,   1989,   05, 16, 154912.65,   6.97,  -73.15, 157,     ,   ,   ,   .. .       
 PDE,   1989,   05, 16, 200322.76,  10.27,  -60.46,  26, 3.50, MDTRN,   .. .       
 PDE,   1989,   05, 24, 012209.98,  10.96,  -65.03,  24, 3.80, Ms GS,   .F .       
 PDE,   1989,   05, 25, 033304.51,   8.88,  -62.01,  33,     ,      ,   .. .       
 PDE,   1989,   05, 30, 010319.02,  10.55,  -60.57,  33, 3.40, MDTRN,   .. .       
 PDE,   1989,   05, 31, 041514.86,   6.80,  -73.02, 171, 5.10, mb, GS,   .. .       
 PDE,   1989,   06, 01, 075742.91,  10.52,  -62.22,  10, 3.60, MDTRN,   .. .       
 PDE,   1989,   06, 02, 140217.34,  11.80,  -73.15,  60, 4.50, mb, GS,   .. .       
 PDE,   1989,   06, 03, 005029.47,   9.98,  -60.34,  88, 3.50, MDTRN,   .. .       
 PDE,   1989,   06, 12, 081336.30,  11.01,  -61.67,  10,     ,   ,   ,   .. .       
 PDE,   1989,   06, 14, 224941.68,  10.21,  -60.02,  10,     ,   ,   ,   .. .       
 PDE,   1989,   06, 15, 155158.60,   6.80,  -73.02, 162, 5.10, mb, GS,   .F M       
 PDE,   1989,   06, 16, 164446.69,  10.25,  -62.41,  33, 4.80, MLFDF,   .. .       
 PDE,   1989,   06, 22, 100710.35,  10.65,  -60.84,  33,     ,   ,   ,   .. .       
 PDE,   1989,   06, 26, 122107.61,   6.83,  -73.01, 163, 4.70, mb, GS,   .. .       
 PDE,   1989,   06, 27, 170921.29,  10.56,  -61.84,  10,     ,   ,   ,   .. .       
 PDE,   1989,   06, 27, 195259.10,  10.68,  -61.71,  33,     ,   ,   ,   .. .       
 PDE,   1989,   06, 28, 000155.12,  11.51,  -60.07,  10,     ,   ,   ,   .. .       
 PDE,   1989,   06, 29, 231815.25,  11.52,  -59.85,  10, 4.50, mb, GS,   .. .       
 PDE,   1989,   07, 04, 071639.89,  11.16,  -62.06,  33, 4.30, UKFDF,   .. .       
 PDE,   1989,   07, 05, 125006.05,  10.72,  -62.19,  73,     ,   ,   ,   .. .       
 PDE,   1989,   07, 10, 123004.72,  10.66,  -60.83,  33,     ,   ,   ,   .. .       
 PDE,   1989,   07, 15, 034515.94,   6.78,  -73.14, 168, 3.80, mb, GS,   .. .       
 PDE,   1989,   07, 21, 093409.33,  10.81,  -61.98,  78, 4.30, mb, GS,   .F .       
 PDE,   1989,   07, 23, 090115.71,  10.89,  -60.47,  33, 2.80, MDTRN,   .. .       
 PDE,   1989,   07, 29, 191556.47,  11.10,  -61.71,  10, 3.40, MDTRN,   .. .       
 PDE,   1989,   07, 30, 131743.80,  10.42,  -60.72,  33, 3.40, MDTRN,   .. .       
 PDE,   1989,   07, 31, 082012.32,  10.91,  -61.52,  33, 3.10, MDTRN,   .. .       
 PDE,   1989,   07, 31, 202945.66,  10.99,  -62.01,  79, 3.70, MDTRN,   .. .       
 PDE,   1989,   08, 07, 224256.83,  10.71,  -62.21,  90, 3.80, mb, GS,   .. .       
 PDE,   1989,   08, 12, 103919.45,  10.60,  -62.45, 128,     ,      ,   .. .       
 PDE,   1989,   08, 15, 164733.70,  10.36,  -72.96,  90, 5.10, mb, GS,   .. .       
 PDE,   1989,   08, 22, 004202.84,   6.76,  -72.97, 156, 4.90, mb, GS,   .F .       
 PDE,   1989,   08, 22, 022334.69,   6.66,  -73.26, 189, 5.00, mb, GS,   .F .       
 PDE,   1989,   08, 23, 105415.54,  10.31,  -60.59,  33, 3.40, MDTRN,   .. .       
 PDE,   1989,   08, 28, 103253.14,  11.10,  -62.05, 104, 3.80, MDTRN,   .F .       
 PDE,   1989,   08, 28, 160619.61,  10.58,  -62.54,  33, 3.50, MDTRN,   .. .       
 PDE,   1989,   08, 30, 090701.15,   6.74,  -73.56, 187, 4.40, mb, GS,   .. .       
 PDE,   1989,   08, 30, 112819.20,  10.27,  -62.04,  10,     ,   ,   ,   .. .       
 PDE,   1989,   09, 01, 140243.94,  10.34,  -63.72,  10, 4.60, mb, GS,   .. .       
 PDE,   1989,   09, 08, 191028.83,  10.99,  -61.78,  33,     ,   ,   ,   .. .       
 PDE,   1989,   09, 09, 231955.20,  11.74,  -61.96, 144, 4.30, UKFDF,   .. .       
 PDE,   1989,   09, 14, 013607.84,  11.62,  -61.30,  33,     ,    ,  ,   .. .       
 PDE,   1989,   09, 14, 015736.73,  11.27,  -61.18,  33, 3.20, MDTRN,   .. .       
 PDE,   1989,   09, 14, 080638.80,  10.56,  -60.30,  70, 4.00, MDTRN,   .. .       
 PDE,   1989,   09, 16, 112824.61,  10.56,  -60.30,  80, 3.50, MDTRN,   .. .       
 PDE,   1989,   09, 24, 105354.28,   9.98,  -59.85,  47, 5.20, MDTRN,   .. M       
 PDE,   1989,   09, 24, 165652.29,  10.38,  -59.89,  59, 4.50, mb, GS,   .. .       
 PDE,   1989,   09, 24, 203712.07,   6.99,  -73.12, 175, 4.80, mb, GS,   .. .       
 PDE,   1989,   09, 27, 233134.74,  10.41,  -60.49, 114, 4.40, MDTRN,   .. .       
 PDE,   1989,   10, 01, 050259.93,  10.89,  -62.24,  32, 3.60, MDTRN,   .. .       
 PDE,   1989,   10, 06, 054842.31,  10.32,  -59.73,  10,     ,   ,   ,   .. .       
 PDE,   1989,   10, 12, 171637.30,  11.82,  -62.24, 150, 3.60, MDTRN,   .. .       
 PDE,   1989,   10, 12, 213337.66,   9.71,  -69.76,  10,     ,   ,   ,   .F .       
 PDE,   1989,   10, 14, 044204.97,  10.83,  -62.30,  86,     ,   ,   ,   .. .       
 PDE,   1989,   10, 18, 060414.46,  11.08,  -61.90,  33,     ,   ,   ,   .. .       
 PDE,   1989,   10, 20, 064624.14,  10.99,  -61.99,  33, 3.70, MDTRN,   .. .       
 PDE,   1989,   10, 23, 002220.83,  10.34,  -61.36,  33, 3.80, MDTRN,   3F .       
 PDE,   1989,   10, 23, 044255.59,   9.37,  -69.92,  10,     ,   ,  ,   .. .       
 PDE,   1989,   10, 23, 084014.82,  11.73,  -61.21,  33, 3.40, MDTRN,   .. .       
 PDE,   1989,   10, 24, 061240.92,  10.83,  -61.47,  32, 2.50, MDTRN,   .. .       
 PDE,   1989,   10, 25, 150648.16,   8.81,  -70.80,  10, 4.40, mb, GS,   .. .       
 PDE,   1989,   10, 26, 164446.22,  10.66,  -61.43,  33, 2.30, MDTRN,   .. .       
 PDE,   1989,   10, 27, 053859.21,  10.97,  -62.24,  33, 3.10, MDTRN,   .. .       
 PDE,   1989,   10, 27, 082424.67,   6.83,  -73.06, 159, 5.10, mb, GS,   .. .       
 PDE,   1989,   10, 28, 174803.61,   8.84,  -63.06,  10,     ,   ,   ,   .. .       
 PDE,   1989,   10, 30, 193006.18,  12.37,  -59.61,  10, 3.90, MDTRN,   .. .       
 PDE,   1989,   10, 31, 005056.49,   6.18,  -73.39, 196,     ,   ,   ,   .. .       
 PDE,   1989,   11, 05, 194627.49,  11.21,  -61.89,  33, 3.50, MDTRN,   .. .       
 PDE,   1989,   11, 16, 160748.55,  11.52,  -62.07,  33, 2.60, MDTRN,   .. .       
 PDE,   1989,   11, 17, 031543.85,  11.02,  -61.85,  33,     ,   ,  ,   .. .       
 PDE,   1989,   11, 18, 224347.54,  10.64,  -60.72,  33, 3.10, MDTRN,   .. .       
 PDE,   1989,   11, 19, 015240.23,  11.55,  -61.81,  33, 3.90, MDTRN,   .. .       
 PDE,   1989,   11, 19, 030654.16,  10.53,  -62.26,  10, 3.50, MDTRN,   .. .       
 PDE,   1989,   11, 20, 230739.21,  11.22,  -60.63,  38, 3.40, MDTRN,   .. .       
 PDE,   1989,   11, 23, 004154.76,   7.00,  -72.89, 136, 4.40, mb, GS,   .. .       
 PDE,   1989,   11, 23, 210324.06,   6.65,  -73.33, 187, 4.20, mb, GS,   .. .       
 PDE,   1989,   11, 25, 033207.24,  11.16,  -62.04,  33, 3.20, MDTRN,   .. .       
 PDE,   1989,   11, 25, 115344.66,   6.75,  -73.02, 176, 4.60, mb, GS,   .. .       
 PDE,   1989,   11, 28, 223251.03,  10.30,  -61.41,  33, 2.60, MDTRN,   .. .       
 PDE,   1989,   11, 29, 101959.45,  10.97,  -61.17,  33, 2.80, MDTRN,   .. .       
 PDE,   1989,   11, 29, 224141.73,  11.43,  -61.31,  59, 3.10, MDTRN,   .. .       
 PDE,   1989,   12, 01, 032916.43,  10.98,  -61.92,  33, 2.70, MDTRN,   .. .       
 PDE,   1989,   12, 02, 022724.35,  10.35,  -61.45,  33, 2.80, MDTRN,   .. .       
 PDE,   1989,   12, 10, 153831.31,  10.97,  -62.48,  33, 3.10, MDTRN,   .. .       
 PDE,   1989,   12, 11, 232505.90,   9.25,  -62.20,  10,     ,    ,  ,   .. .       
 PDE,   1989,   12, 13, 134407.07,  11.06,  -61.98,  33, 3.30, MDTRN,   .. .       
 PDE,   1989,   12, 14, 035803.01,  12.72,  -59.47,  29, 4.00, MDTRN,   .. .       
 PDE,   1989,   12, 14, 225451.51,  11.27,  -62.30,  28, 3.50, MDTRN,   2F .       
 PDE,   1989,   12, 16, 143856.54,   6.61,  -73.62, 190, 4.40, mb, GS,   .. .       
 PDE,   1989,   12, 16, 202845.74,   6.81,  -71.78,  35, 4.70, mb, GS,   .. .       
 PDE,   1989,   12, 19, 074223.29,  10.82,  -61.56,  33, 3.20, MDTRN,   .F .       
 PDE,   1989,   12, 20, 103009   ,  11.06,  -61.96,  33, 3.10, MDTRN,   .. .       
 PDE,   1989,   12, 20, 105943.80,  11.45,  -61.73,  10,     ,    ,  ,   .. .       
 PDE,   1989,   12, 20, 181544.26,  11.04,  -61.78,  10, 3.20, MDTRN,   .. .       
 PDE,   1989,   12, 21, 151613.48,  11.14,  -62.03,  33, 3.00, MDTRN,   .. .       
 PDE,   1989,   12, 23, 035534.07,  10.45,  -61.82,   5,     ,    ,  ,   .. .       
 PDE,   1989,   12, 23, 142526.31,  10.81,  -62.75,  10, 3.50, MDTRN,   .. .       
 PDE,   1989,   12, 24, 223605.89,  10.41,  -62.24,  22, 4.40, UKFDF,   .. .       
 PDE,   1989,   12, 28, 174709.65,  10.84,  -62.31,  66, 3.60, MDTRN,   .. .       
 PDE,   1989,   12, 31, 185123.01,  10.40,  -62.61,  10, 3.90, MDTRN,   .. .       